"username","ideology"
"_ColeBennett_",NA
"_fllwrs",NA
"_FloridaMan",NA
"_morganadams_",NA
"_youhadonejob1",1.22652812003661
"1future",NA
"1GunnaGunna",NA
"1Hakz_",NA
"1YoungTakeoff",NA
"20committee",1.17498679206609
"21savage",NA
"2chainz",NA
"41Strange",NA
"49ers",NA
"4everBrandy",NA
"50cent",NA
"5SOS",NA
"60Minutes",0.358458793251194
"6BillionPeople",1.22652812003661
"6ix9ine",NA
"6LACK",NA
"aaronpaul_8",-1.17498679206609
"AaronRodgers12",NA
"AB84",0.524400512708041
"abbydphillip",1.17498679206609
"ABC",0.915365087842814
"abdashsoul",NA
"ABHcosmetics",NA
"AC360",0.467698799114508
"ACLU",-1.47579102817917
"Acosta",0.915365087842814
"ActuallyNPH",-1.40507156030963
"adam22",1.03643338949379
"adamlevine",-1.2815515655446
"AdamParkhomenko",-0.0752698620998298
"AdamSandler",NA
"AdamSchefter",0.738846849185214
"Adaripp",-2.05374891063182
"Adele",NA
"adidas",NA
"adidasoriginals",NA
"AdrianPeterson",1.88079360815125
"adultswim",-0.674489750196082
"AHSFX",NA
"AJEnglish",NA
"ajplus",0.176374164780861
"Akademiks",NA
"AlbertBrooks",NA
"AlexErnst",NA
"alexmorgan13",-2.32634787404084
"alfranken",-0.841621233572914
"algore",-1.22652812003661
"aliciakeys",-1.55477359459685
"alispagnola",0.915365087842814
"AlissaViolet",NA
"alleniverson",NA
"ALT_uscis",-1.64485362695147
"altonbrown",NA
"Aly_Raisman",-1.22652812003661
"alyankovic",-1.88079360815125
"Alyssa_Milano",0.553384719555673
"amandabynes",NA
"AMarch4OurLives",0.150969215496777
"AmazingPhil",NA
"amazon",NA
"AmbNikkiHaley",1.2815515655446
"amjoyshow",0.467698799114508
"amnestyusa",-1.75068607125217
"Amy_Siskind",0.772193214188685
"amyklobuchar",0.841621233572914
"amyschumer",-1.64485362695147
"ananavarro",1.1263911290388
"andersoncooper",1.1263911290388
"AndersonPaak",-0.915365087842814
"andre",0.674489750196082
"AndreaRussett",-2.32634787404084
"AndrewGillum",-1.08031934081496
"AndrewMayne",1.1263911290388
"andrewzimmern",-1.03643338949379
"Android",1.03643338949379
"Andy",-1.47579102817917
"andylassner",0.0250689082587111
"AndyRichter",-2.05374891063182
"angela_rye",-0.227544976641149
"angelayee",0.841621233572914
"AnnaKendrick47",-1.64485362695147
"AnnCoulter",1.40507156030963
"AnnCurry",0.0250689082587111
"AnselElgort",-1.34075503369022
"AntDavis23",NA
"anthonyjeselnik",-1.88079360815125
"antoni",-1.75068607125217
"AOC",-1.55477359459685
"AP",0.994457883209753
"aparnapkin",-2.05374891063182
"aplusk",0.495850347347453
"Apple",NA
"AppleMusic",-1.17498679206609
"AprilDRyan",0.841621233572914
"APStylebook",-0.80642124701824
"Arbys",1.17498679206609
"ArianaGrande",NA
"ariannahuff",0.385320466407568
"AriMelber",0.915365087842814
"AriTheDon",NA
"ARizzo44",NA
"ArtistHBTL",NA
"ASAPferg",NA
"ashanti",NA
"AshaRangappa_",-1.2815515655446
"AshBenzo",NA
"ashleytisdale",NA
"Ashton5SOS",-2.32634787404084
"AskAaronLee",1.22652812003661
"AskAimeeBeck",1.47579102817917
"astros",0.612812991016627
"asvpxrocky",-1.22652812003661
"AtlantaFalcons",NA
"ATT",NA
"AuschwitzMuseum",1.17498679206609
"AustinMahone",-2.05374891063182
"AustinMcbroom",NA
"autocorrects",NA
"ava",-0.841621233572914
"Avengers",NA
"AvrilLavigne",NA
"awkwardgoogle",NA
"awkwardposts",NA
"AyannaPressley",-0.176374164780861
"ayeshacurry",0.305480788099397
"azizansari",NA
"bakermayfield",NA
"Banks",1.22652812003661
"BarackObama",0.0501535834647337
"BarringtonMole",NA
"BarstoolBigCat",1.22652812003661
"barstoolsports",0.915365087842814
"BartBaker",0.582841507271216
"batemanjason",-2.32634787404084
"BBCBreaking",0.524400512708041
"BBCNews",0.524400512708041
"BBCWorld",NA
"BeckyLynchWWE",NA
"bellathorne",-2.32634787404084
"BenAffleck",0.279319034447454
"BenjaminEnfield",-0.0501535834647337
"benjaminwittes",0.2533471031358
"benlandis",1.1263911290388
"benshapiro",1.64485362695147
"BernieSanders",-1.03643338949379
"BeschlossDC",0.772193214188685
"bestofnextdoor",NA
"BET",-1.47579102817917
"BETMusic",0.877896295051229
"BetoORourke",0.994457883209753
"BetteMidler",-2.32634787404084
"BettyMWhite",-0.706302562840088
"Beyonce",NA
"bflay",0.772193214188685
"Bible_Time",NA
"BibopGGresta",NA
"BigBoi",0.358458793251194
"BIGKRIT",NA
"BigSean",-1.17498679206609
"billboard",-2.32634787404084
"billburr",NA
"BillClinton",-0.201893479141851
"BillGates",-0.643345405392917
"billieeilish",NA
"BillKristol",1.34075503369022
"billmaher",0.612812991016627
"BillNye",0.0250689082587111
"BillOReilly",1.64485362695147
"BillRatchet",NA
"BillSimmons",-1.1263911290388
"billyeichner",-1.55477359459685
"BindiIrwin",NA
"birbigs",-1.64485362695147
"BIRDMAN5STAR",NA
"BishopJakes",NA
"biticonjustine",NA
"bjnovak",-1.75068607125217
"blackvoices",-1.47579102817917
"blakegriffin23",-1.88079360815125
"blakeshelton",NA
"BleacherReport",0.877896295051229
"bobatl",NA
"bobsaget",-1.55477359459685
"boburnham",0.125661346855074
"bomani_jones",-1.55477359459685
"bonappetit",-0.706302562840088
"boogiecousins",NA
"BOOSIEOFFICIAL",-0.738846849185214
"BostonGlobe",0.994457883209753
"Bourdain",1.03643338949379
"bouska",1.03643338949379
"BQQuinn",0.305480788099397
"BR_NBA",NA
"BraddJaffy",0.954165253146195
"BradPaisley",NA
"Braves",1.2815515655446
"breakfastclubam",0.877896295051229
"BreakingNews",0.738846849185214
"BreeNewsome",-1.47579102817917
"BreitbartNews",1.75068607125217
"brendonurie",-2.05374891063182
"BrentSpiner",NA
"BretBaier",1.22652812003661
"bretmanrock",NA
"brianstelter",0.553384719555673
"brielarson",-2.32634787404084
"brithume",1.40507156030963
"britneyspears",0.915365087842814
"Broncos",0.612812991016627
"BrotherNature",-Inf
"Browns",NA
"BrunoMars",NA
"BryanCranston",-0.877896295051228
"bryceharper3",NA
"brysontiller",NA
"BrysonTlIIer",NA
"bts_bighit",NA
"BTS_twt",NA
"bubbawatson",1.22652812003661
"BunBTrillOG",-1.88079360815125
"Bungie",NA
"BurgerKing",NA
"business",0.954165253146195
"businessinsider",-1.34075503369022
"BustaRhymes",NA
"Buster_ESPN",-0.612812991016627
"BuzzFeed",0.915365087842814
"BuzzFeedNews",1.17498679206609
"BWWings",NA
"CAA_Official",NA
"Caitlyn_Jenner",-2.32634787404084
"CallofDuty",NA
"Calum5SOS",NA
"CalvinHarris",-1.22652812003661
"camanpour",-0.0501535834647337
"cameron_kasky",-1.64485362695147
"camerondallas",NA
"CameronNewton",NA
"Camila_Cabello",-2.32634787404084
"CamilaMendes",-0.706302562840088
"cammipham",1.64485362695147
"Cantguardmike",NA
"CaptainAmerica",0.305480788099397
"CaptAndrewLuck",NA
"Caradelevingne",0.10043372051147
"CardiffBros",NA
"carlyraejepsen",-0.2533471031358
"carmeloanthony",NA
"carrieffisher",-1.34075503369022
"carrieunderwood",NA
"caseykfrey",NA
"CatherinePaiz",NA
"CaucasianJames",NA
"CauseWereGuys",NA
"cavs",0.305480788099397
"cbfowler",-1.2815515655446
"CBSNews",0.331853346436817
"CBSSports",0.176374164780861
"CDCemergency",0.201893479141851
"CDCgov",NA
"CedEntertainer",-1.40507156030963
"celtics",NA
"CFBPlayoff",NA
"chadwickboseman",NA
"ChampionsLeague",NA
"champssports",0.524400512708041
"chancetherapper",1.17498679206609
"chandlerriggs",NA
"CHANEL",NA
"Change",0.524400512708041
"channingtatum",-1.55477359459685
"CharlesMBlow",0.994457883209753
"charliekirk11",1.34075503369022
"charliesheen",1.75068607125217
"chefjoseandres",0.738846849185214
"ChelseaClinton",-1.64485362695147
"chelseahandler",-1.88079360815125
"chelseaperetti",-2.05374891063182
"cher",-1.47579102817917
"ChicagoBears",NA
"chicagobulls",-1.47579102817917
"chicagotribune",0.279319034447454
"ChickfilA",-1.64485362695147
"CHICKLET_HF",NA
"ChiefKeef",-0.582841507271216
"ChiIIVlbes",NA
"ChipotleTweets",NA
"ChloeGMoretz",-2.32634787404084
"ChloeKim",NA
"Chris_Broussard",0.385320466407568
"chrisbosh",-0.331853346436817
"chrisbrown",NA
"ChrisCuomo",1.17498679206609
"chrisdelia",1.08031934081496
"ChrisEvans",0.150969215496777
"chrishemsworth",NA
"chrislhayes",0.2533471031358
"ChrisMurphyCT",0.467698799114508
"chrisrock",-0.994457883209753
"chrissyteigen",-1.55477359459685
"chucktodd",1.08031934081496
"chuckwoolery",1.47579102817917
"CIA",NA
"ciara",0.877896295051229
"cj_wentz",NA
"clairecmc",0.10043372051147
"ClayMatthews52",1.40507156030963
"ClayTravis",0.227544976641149
"ClickHole",NA
"ClintSmithIII",-0.467698799114508
"CloydRivers",NA
"CMPunk",NA
"CNBC",0.0752698620998299
"CNET",0.524400512708041
"CNN",1.08031934081496
"cnnbrk",-0.841621233572914
"cnni",-0.841621233572914
"CNNPolitics",0.841621233572914
"CoachJim4UM",0.305480788099397
"CocaCola",NA
"codyko",NA
"CodyWolfeMusic",-Inf
"colbertlateshow",-1.1263911290388
"coldplay",-2.05374891063182
"colesprouse",-1.88079360815125
"ColIegeStudent",NA
"ColinCowherd",0.176374164780861
"ColleenB123",-1.17498679206609
"CollegeGameDay",NA
"ColourPopCo",NA
"Colts",NA
"ComedyCentral",-0.915365087842814
"Comey",-0.201893479141851
"Comic_Con",NA
"common",-2.05374891063182
"Complex",0.0250689082587111
"ComplexSneakers",NA
"ConanOBrien",NA
"connorfranta",-2.05374891063182
"CornelWest",-0.954165253146194
"CoryBooker",0.915365087842814
"costareports",1.17498679206609
"CP3",0.279319034447454
"CraigyFerg",NA
"Cristiano",NA
"Crowdfire",1.40507156030963
"CSLewisDaily",NA
"cspan",1.2815515655446
"csydelko",-1.17498679206609
"cthagod",-2.32634787404084
"Cubs",-2.32634787404084
"CupcakKe_rapper",NA
"CurrenSy_Spitta",NA
"Cut4",-0.0752698620998298
"CuteEmergency",NA
"cw_spn",NA
"CW_TheFlash",NA
"Cyn_Santana",NA
"CynthiaLIVE",0.612812991016627
"Da_MichaelScott",NA
"DailyRapFacts",NA
"daisymarquez_",NA
"dak",1.40507156030963
"DalaiLama",NA
"DaleJr",NA
"dallascowboys",NA
"Dame_Lillard",-2.32634787404084
"DanaPerino",1.34075503369022
"danawhite",1.1263911290388
"DanBilzerian",1.22652812003661
"DanCrenshawTX",1.47579102817917
"DaneCook",-1.47579102817917
"DangeRussWilson",NA
"danielhowell",-1.64485362695147
"DanielNewman",0.954165253146195
"danieltosh",-2.05374891063182
"DannyDeVito",-1.88079360815125
"danpfeiffer",-0.80642124701824
"DanRather",-0.0752698620998298
"DaRealAmberRose",-1.17498679206609
"dariusrucker",-0.227544976641149
"darrenrovell",1.08031934081496
"DaveBautista",-2.32634787404084
"DaveRamsey",NA
"DaveWeasel",0.176374164780861
"daveweigel",1.1263911290388
"David_Leavitt",-1.2815515655446
"DAVID_LYNCH",-1.1263911290388
"davidaldridgedc",-2.05374891063182
"davidaxelrod",0.772193214188685
"DavidCornDC",0.994457883209753
"DavidDobrik",NA
"davidfrum",1.1263911290388
"davidguetta",NA
"davidhogg111",0.176374164780861
"DavidKHarbour",-2.32634787404084
"davidortiz",NA
"DavidRoads",NA
"DavidSpade",NA
"daxshepard",-0.994457883209753
"dbongino",1.75068607125217
"DCComics",NA
"ddale8",0.706302562840088
"deadmau5",NA
"Deadspin",-1.55477359459685
"DearAuntCrabby",-1.34075503369022
"DebraMessing",-0.915365087842814
"DeepakChopra",-0.0752698620998298
"defjam",NA
"DeionSanders",1.08031934081496
"Delta",1.17498679206609
"DemetriusHarmon",NA
"democracynow",0.994457883209753
"DennisDMZ",NA
"DennysDiner",NA
"DepressedDarth",0.612812991016627
"DeptofDefense",0.643345405392917
"deray",-2.05374891063182
"DerekCressman",-1.75068607125217
"deshaunwatson",NA
"desusnice",-1.22652812003661
"DezBryant",1.2815515655446
"DHSgov",1.08031934081496
"DiamondandSilk",1.47579102817917
"DickieV",NA
"Diddy",-0.495850347347453
"DierksBentley",NA
"DigitalTrends",-1.47579102817917
"DineshDSouza",1.47579102817917
"diplo",-0.994457883209753
"discordapp",NA
"Discovery",-1.1263911290388
"Disney",0.643345405392917
"Disneyland",NA
"DisneyParks",0.524400512708041
"DisneyStudios",0.954165253146195
"DJDRAMA",0.331853346436817
"djenvy",-Inf
"djkhaled",0.674489750196082
"DJPaulyD",0.227544976641149
"DLoesch",1.64485362695147
"Dodgers",-0.706302562840088
"dodo",0.305480788099397
"dog_feelings",NA
"dog_rates",NA
"DollyParton",NA
"dominos",-1.1263911290388
"donaldglover",NA
"DonaldJTrumpJr",1.47579102817917
"DonCheadle",-1.08031934081496
"donlemon",1.03643338949379
"donnabrazile",0.0501535834647337
"donttrythis",-1.22652812003661
"dopeisland",NA
"Drake",NA
"DrakeBell",1.1263911290388
"drayamichele",NA
"drdisrespect",NA
"drdre",NA
"drdrew",0.994457883209753
"drewbrees",0.954165253146195
"dril",NA
"drose",NA
"DrOz",0.877896295051229
"drsanjaygupta",0.841621233572914
"DRUDGE_REPORT",NA
"DUALIPA",0.524400512708041
"DuckDuckGo",-2.32634787404084
"dunkindonuts",1.03643338949379
"DwightHoward",-1.1263911290388
"DwyaneWade",0.643345405392917
"dylanobrien",-2.32634787404084
"dylansprouse",-2.05374891063182
"EA",0.877896295051229
"Eagles",NA
"EAMaddenNFL",NA
"earlxsweat",NA
"EarnKnowledge",-0.582841507271216
"EarthPix",NA
"echofon",NA
"eddieizzard",-1.1263911290388
"Edelman11",0.612812991016627
"edsheeran",NA
"Education4Libs",1.40507156030963
"edutopia",0.738846849185214
"EdwardNorton",-2.32634787404084
"eentertainment",-2.32634787404084
"egoraptor",NA
"ElizabethBanks",-1.34075503369022
"ELLEmagazine",-0.877896295051228
"EllenPage",-2.05374891063182
"EllenPompeo",-1.2815515655446
"elliegoulding",-1.64485362695147
"elonmusk",-1.1263911290388
"Eminem",NA
"Emma4Change",-1.55477359459685
"emmachamberlain",NA
"EmmaWatson",-0.0250689082587111
"EmmittSmith22",-2.05374891063182
"emmyrossum",-0.674489750196082
"EmrgencyKittens",NA
"enews",0.227544976641149
"engadget",-0.0752698620998298
"Entrepreneur",-0.674489750196082
"EpicGames",NA
"ericandre",-1.47579102817917
"ericbolling",1.34075503369022
"ericchurch",NA
"EricHolder",-2.32634787404084
"EricTrump",1.40507156030963
"ErinAndrews",1.03643338949379
"espn",NA
"ESPN_ReceDavis",1.47579102817917
"ESPNCFB",NA
"espngolic",0.954165253146195
"Espngreeny",0.385320466407568
"ESPNNBA",NA
"ESPNNFL",NA
"ESPNStatsInfo",NA
"EthanDolan",NA
"etnow",1.03643338949379
"Eugene_Robinson",0.994457883209753
"EvaLongoria",-1.64485362695147
"EvanMcMullin",1.34075503369022
"Everette",NA
"evilhag",0.412463129441405
"EW",0.706302562840088
"ewarren",-1.40507156030963
"EzekielElliott",NA
"ezraklein",-1.47579102817917
"facebook",0.0752698620998299
"factsionary",NA
"FactsOfSchool",0.331853346436817
"Fahrenthold",1.34075503369022
"fakedansavage",-2.05374891063182
"FallonTonight",0.877896295051229
"Fallout",NA
"falloutboy",NA
"FamousDex",NA
"FastCompany",-0.176374164780861
"fatbellybella",-1.1263911290388
"FatKidDeals",NA
"FBI",NA
"feliciaday",-2.32634787404084
"fema",1.22652812003661
"fentybeauty",NA
"FieldYates",NA
"FIFAcom",0.524400512708041
"FINALLEVEL",-1.08031934081496
"finebaum",-1.1263911290388
"FinishLine",0.643345405392917
"FinnBalor",-2.32634787404084
"FinnSkata",NA
"FirstTake",-2.05374891063182
"FiveThirtyEight",0.706302562840088
"FLOTUS",1.08031934081496
"FLOTUS44",0.994457883209753
"FloydMayweather",-2.32634787404084
"foodandwine",0.524400512708041
"FoodNetwork",0.915365087842814
"footlocker",0.305480788099397
"Forbes",0.772193214188685
"FortniteGame",NA
"FortuneMagazine",1.1263911290388
"foxandfriends",1.40507156030963
"FoxNews",1.40507156030963
"FOXSoccer",0.954165253146195
"FOXSports",1.40507156030963
"Franklin_Graham",1.40507156030963
"FreakyTheory",NA
"FrencHMonTanA",0.877896295051229
"FT",0.524400512708041
"FullFrontalSamB",-2.05374891063182
"funder",1.1263911290388
"Funny_Truth",NA
"funnyordie",-1.08031934081496
"FunnyPicsDepot",-0.0501535834647337
"FunnyVines",NA
"G_Eazy",-2.05374891063182
"gabrielzamora",-1.88079360815125
"GalGadot",NA
"galifianakisz",NA
"gameinformer",NA
"GameOfThrones",0.150969215496777
"GameSpot",NA
"GameStop",NA
"Garrett_Watts",-2.05374891063182
"garyvee",0.994457883209753
"GatenM123",0.305480788099397
"gatesfoundation",-0.994457883209753
"GavinNewsom",0.841621233572914
"Genius",-1.40507156030963
"georgelopez",0.439913165673234
"GeorgeTakei",-1.08031934081496
"ggreenwald",0.612812991016627
"GGYOUNGBOY",NA
"gherbo",NA
"Giants",NA
"GiGiHadid",NA
"Gizmodo",NA
"glennbeck",1.34075503369022
"GlennHowerton",-0.841621233572914
"GlennThrush",1.17498679206609
"GMA",0.738846849185214
"gmail",NA
"God_Son80",NA
"goldengateblond",-2.32634787404084
"GoldenKnights",NA
"GolicAndWingo",0.643345405392917
"goodreads",-1.88079360815125
"Google",0.553384719555673
"googlechrome",-1.17498679206609
"GOP",1.47579102817917
"GordonRamsay",1.08031934081496
"goSwaeLee",NA
"GovMikeHuckabee",1.47579102817917
"GraysonDolan",NA
"greggutfeld",1.40507156030963
"GreysABC",NA
"GRRMspeaking",-2.05374891063182
"GStephanopoulos",1.22652812003661
"gtconway3d",1.22652812003661
"guardian",-0.467698799114508
"GUBLERNATION",NA
"gucci1017",NA
"GuyFieri",0.954165253146195
"gwenstefani",0.738846849185214
"h3h3productions",0.524400512708041
"HaHaDavis",NA
"HalfOnionInABag",-2.32634787404084
"HallieJackson",1.1263911290388
"halsey",NA
"HamillHimself",-2.32634787404084
"HamiltonMusical",NA
"hannibalburess",-1.1263911290388
"HardballChris",0.915365087842814
"hardwick",NA
"Harry_Styles",NA
"harto",-2.32634787404084
"HarvardBiz",-0.201893479141851
"hasanminhaj",-1.55477359459685
"HBCUfessions",1.22652812003661
"HBO",-2.32634787404084
"HeathHussar",NA
"HereIsGina",-1.88079360815125
"Heritage",1.2815515655446
"HIDEO_KOJIMA_EN",NA
"HilaryDuff",NA
"HillaryClinton",-1.34075503369022
"HISTORY",0.915365087842814
"HistoryInPics",0.877896295051229
"HistoryToLearn",0.0250689082587111
"hitRECordJoe",-2.05374891063182
"HoarseWisperer",-2.32634787404084
"hodgman",-2.05374891063182
"holy_schnitt",-2.05374891063182
"hondadeal4vets",NA
"hootsuite",1.22652812003661
"HornyFacts",NA
"HotNewHipHop",-0.915365087842814
"HouseDemocrats",0.2533471031358
"HoustonRockets",1.03643338949379
"HoustonTexans",0.877896295051229
"HowardStern",-0.841621233572914
"HRC",-0.439913165673234
"hrw",0.877896295051229
"HuffPost",1.22652812003661
"HuffPostPol",1.22652812003661
"HulkHogan",NA
"hulu",-1.88079360815125
"iamblackbear",NA
"iamcardib",NA
"iamjamiefoxx",-1.22652812003661
"IAmJericho",1.22652812003661
"IAMJHUD",NA
"iamjohnoliver",-1.2815515655446
"iamkevingates",NA
"iamoppose",-0.10043372051147
"IAMQUEENLATIFAH",-1.34075503369022
"iamrashidajones",-1.88079360815125
"iamsambee",-0.0752698620998298
"IAmSteveHarvey",0.0250689082587111
"iamwill",-1.47579102817917
"IanMcKellen",-1.75068607125217
"iansomerhalder",-0.643345405392917
"icecube",NA
"idriselba",0.915365087842814
"IGGYAZALEA",NA
"IGN",NA
"iHeartRadio",0.915365087842814
"IISuperwomanII",-2.32634787404084
"iJesseWilliams",-0.643345405392917
"IlhanMN",-1.88079360815125
"Im_TheAntiTrump",1.08031934081496
"Imaginedragons",-0.954165253146194
"IMDb",-0.582841507271216
"IMKristenBell",-1.64485362695147
"Inc",-0.877896295051228
"IndivisibleTeam",-1.64485362695147
"IngrahamAngle",1.2815515655446
"Inspire_Us",NA
"instagram",NA
"Interior",1.03643338949379
"IntThings",1.17498679206609
"iownjd",-1.03643338949379
"IronStache",-1.47579102817917
"isaiahthomas",0.674489750196082
"IssaRae",-0.495850347347453
"ItsFoodPorn",NA
"itsgabrielleu",-2.32634787404084
"ItsJoshPeck",0.841621233572914
"IvankaTrump",1.34075503369022
"IWF",1.47579102817917
"J_D_Landis",0.125661346855074
"jaboukie",-2.32634787404084
"jack",-0.0501535834647337
"Jack_Septic_Eye",NA
"jackieaina",-Inf
"JackJ",NA
"JackPhan",1.34075503369022
"JackPosobiec",Inf
"Jaclynhill",NA
"Jacquees",NA
"jadapsmith",NA
"jakecardiff401",NA
"jaketapper",1.17498679206609
"JakeTAustin",-2.32634787404084
"JalenRose",0.305480788099397
"jameelajamil",-1.2815515655446
"jamescharles",NA
"jamessmurray",1.34075503369022
"JamilahLemieux",-1.40507156030963
"JanelleMonae",-2.32634787404084
"JaneMayerNYer",0.877896295051229
"JanetJackson",NA
"jarpad",-1.34075503369022
"JaseDuckman",NA
"Jason_Aldean",0.954165253146195
"jasoninthehouse",1.55477359459685
"JasonKander",-0.877896295051228
"jasonsegel",-2.05374891063182
"JayBilas",NA
"JayGlazer",NA
"jaysonst",-1.40507156030963
"JAYVERSACE",-0.0501535834647337
"jccaylen",NA
"JColeNC",NA
"JCrossover",NA
"JDaIey",1.08031934081496
"Jeezy",NA
"JeffBezos",NA
"JeffreeStar",NA
"JeffreyHayzlett",1.40507156030963
"jemelehill",-1.75068607125217
"Jenna_Marbles",1.08031934081496
"jennafischer",-1.55477359459685
"JENNIWOWW",0.125661346855074
"JensenAckles",0.877896295051229
"JeremyClarkson",NA
"JerrySeinfeld",-0.706302562840088
"JesseBWatters",1.40507156030963
"jessicaalba",-1.40507156030963
"JessicaSimpson",NA
"JetBlue",-1.1263911290388
"JHarden13",NA
"JheneAiko",NA
"JIDsv",NA
"jilevin",-0.331853346436817
"JillWineBanks",-1.40507156030963
"Jim_Jordan",1.47579102817917
"JimCantore",1.2815515655446
"JimCarrey",NA
"jimcramer",0.994457883209753
"JimGaffigan",0.0501535834647337
"jimjonescapo",NA
"jimmyfallon",0.954165253146195
"jimmykimmel",-2.32634787404084
"JimmyKimmelLive",0.524400512708041
"jimrome",NA
"JJWatt",NA
"jk_rowling",-0.385320466407568
"JKCorden",-2.32634787404084
"JLo",-1.55477359459685
"JManziel2",1.2815515655446
"Joan_Rivers",-0.412463129441405
"joanneprada",-0.915365087842814
"joanwalsh",-0.841621233572914
"JODYHiGHROLLER",1.2815515655446
"joe_keery",NA
"JoeBiden",0.467698799114508
"JoeBudden",-2.05374891063182
"joejonas",0.524400512708041
"JOEL9ONE",0.125661346855074
"joelcomm",1.40507156030963
"JoelEmbiid",NA
"joelmchale",-1.2815515655446
"JoelOsteen",NA
"JoeNBC",0.80642124701824
"joerogan",0.331853346436817
"joeyBADASS",-0.0752698620998298
"JoeyBats19",1.08031934081496
"John_Cardiff_",NA
"JohnBoyega",NA
"JohnBrennan",-0.553384719555673
"JohnCena",1.03643338949379
"JohnClaytonNFL",NA
"JohnCleese",-1.34075503369022
"JohnCMaxwell",1.22652812003661
"johncusack",-2.32634787404084
"JohnFugelsang",0.706302562840088
"johngreen",1.2815515655446
"JohnKerry",-1.03643338949379
"johnkrasinski",-2.32634787404084
"johnlegend",-1.47579102817917
"JohnLegere",0.582841507271216
"JohnMayer",-2.32634787404084
"johnrampton",0.994457883209753
"JohnStamos",-2.32634787404084
"JohnWall",0.305480788099397
"Jon_Favreau",-0.331853346436817
"JonahHill",NA
"joncoopertweets",-1.17498679206609
"jonfavs",0.358458793251194
"JonHeyman",0.841621233572914
"jonlovett",1.08031934081496
"JonnyBones",NA
"jordanbpeterson",1.47579102817917
"JordanPeele",-2.05374891063182
"JordanSpieth",0.150969215496777
"JordinSparks",-0.176374164780861
"jordynwoods",NA
"joshtpm",1.03643338949379
"joshuadun",NA
"JoyAnnReid",0.553384719555673
"JoyceMeyer",NA
"JoyceWhiteVance",0.150969215496777
"Jstlivinbbyy",NA
"jtimberlake",-1.75068607125217
"JuddApatow",-2.05374891063182
"JuddLegum",0.553384719555673
"JudgeJeanine",1.47579102817917
"JudicialWatch",1.47579102817917
"JuiceWorlddd",NA
"Jumpman23",NA
"JussieSmollett",-2.32634787404084
"justdemi",-0.674489750196082
"justinbieber",0.877896295051229
"JustinRoiland",-1.08031934081496
"JustinTrudeau",-1.47579102817917
"JustinVerlander",1.47579102817917
"justsanaa",-1.40507156030963
"jvn",-2.05374891063182
"JYSexton",-2.05374891063182
"KaceyMusgraves",-1.1263911290388
"Kaepernick7",-1.34075503369022
"kaj33",-0.80642124701824
"KalaniBallFree",-0.674489750196082
"KALIUCHIS",-2.32634787404084
"kalpenn",-1.55477359459685
"KamalaHarris",-1.34075503369022
"KameronBennett",1.1263911290388
"Kandi",-2.32634787404084
"kanyewest",0.305480788099397
"Karamo",-1.47579102817917
"karrueche",0.877896295051229
"kashdoll",NA
"kasie",1.22652812003661
"KateUpton",0.553384719555673
"kathygriffin",-1.88079360815125
"katiecouric",0.994457883209753
"katienolan",-1.40507156030963
"katyperry",-2.32634787404084
"KatyTurNBC",0.706302562840088
"KayaJones",1.47579102817917
"KChenoweth",-0.2533471031358
"KDTrey5",NA
"KeeganMKey",-0.954165253146194
"KEEMSTAR",1.22652812003661
"Kehlani",-2.32634787404084
"keithellison",0.738846849185214
"KeithOlbermann",-2.32634787404084
"KeithUrban",NA
"KekePalmer",-2.05374891063182
"KellyannePolls",1.2815515655446
"KellyOsbourne",-1.34075503369022
"KELLYROWLAND",-2.05374891063182
"Ken_Rosenthal",NA
"kencaillat",-0.331853346436817
"KendallJenner",-0.201893479141851
"kendricklamar",NA
"kenjeong",-1.2815515655446
"kennychesney",-1.1263911290388
"kenradio",1.1263911290388
"KensingtonRoyal",0.467698799114508
"KeriHilson",-1.88079360815125
"kerrywashington",-2.05374891063182
"KeshaRose",NA
"KevinHart4real",-2.32634787404084
"kevinjonas",1.03643338949379
"kevinlove",0.358458793251194
"KevinMKruse",-2.05374891063182
"KevinSpacey",-1.22652812003661
"KhadiDon",NA
"khloekardashian",0.877896295051229
"KianLawley",NA
"kicksonfire",NA
"KidCudi",NA
"kimguilfoyle",1.34075503369022
"KimKardashian",NA
"KingBach",0.0250689082587111
"KingJames",NA
"kirkfranklin",NA
"KirkHerbstreit",1.22652812003661
"kj_apa",NA
"KlayThompson",-Inf
"kmichelle",NA
"kobebryant",1.08031934081496
"KodakBlack1k",NA
"kourtneykardash",NA
"KrangTNelson",1.08031934081496
"KrisBryant_23",1.22652812003661
"KrisJenner",NA
"kristenschaaled",-2.32634787404084
"kumailn",-1.55477359459685
"Kurkjian_ESPN",0
"kurteichenwald",0.80642124701824
"kylegriffin1",0.10043372051147
"kylekuzma",NA
"kyliecosmetics",NA
"KylieJenner",NA
"KyloR3n",NA
"KyrieIrving",0.553384719555673
"ladygaga",-0.279319034447454
"Lakers",NA
"lala",0.279319034447454
"LanaDelRey",NA
"landonromano",-1.55477359459685
"LarryFitzgerald",0.279319034447454
"larrywilmore",0.994457883209753
"LastWeekTonight",-0.738846849185214
"latimes",0.877896295051229
"LaughNYC",NA
"LaurenCohan",-0.227544976641149
"LaurenConrad",NA
"laurenduca",0.439913165673234
"LaurenLondon",-1.1263911290388
"Lavarbigballer",NA
"Lavernecox",-1.75068607125217
"Lawrence",-0.706302562840088
"LeadToday",1.22652812003661
"LeaMichele",-0.80642124701824
"LeanandCuisine",NA
"lecrae",-1.55477359459685
"lenadunham",-2.05374891063182
"LeoDiCaprio",-1.64485362695147
"Lesdoggg",-0.954165253146194
"levarburton",-1.40507156030963
"LeVeonBell",NA
"LiamPayne",NA
"lifehacker",NA
"lilbaby4PF",NA
"LilBibby_",NA
"LILBTHEBASEDGOD",1.40507156030963
"lildickytweets",-2.05374891063182
"lildurk",NA
"lilduval",NA
"lilireinhart",-2.32634787404084
"lilpump",NA
"LilReese300",NA
"LilTunechi",NA
"LILUZIVERT",NA
"lilyachty",-1.88079360815125
"Lin_Manuel",-2.05374891063182
"lindsaylohan",0.772193214188685
"LindseyGrahamSC",1.47579102817917
"lizakoshy",0.467698799114508
"LizGillies",-1.17498679206609
"llcoolj",0.738846849185214
"LoganPaul",0.915365087842814
"Logic301",-2.05374891063182
"lohanthony",0.877896295051229
"LOLGOP",0.994457883209753
"loneblockbuster",NA
"Lord_Voldemort7",NA
"lorde",NA
"LoriGreiner",0.10043372051147
"LouDobbs",1.64485362695147
"Louis_Tomlinson",NA
"LouyFierce",1.22652812003661
"lucyhale",-2.32634787404084
"Ludacris",-0.201893479141851
"Luke5SOS",NA
"LukeBryanOnline",2.32634787404084
"LupeFiasco",-2.32634787404084
"Lupita_Nyongo",NA
"machinegunkelly",NA
"MacMiller",-1.22652812003661
"maddow",0.2533471031358
"MaddowBlog",0.772193214188685
"madelainepetsch",NA
"madisonpettis",NA
"maggieNYT",1.08031934081496
"MagicJohnson",0.495850347347453
"Maisie_Williams",-0.915365087842814
"Malala",-Inf
"MalcolmNance",-1.88079360815125
"MannyMua733",-1.1263911290388
"MaraWilson",-2.05374891063182
"marchmadness",1.2815515655446
"MarcJSpearsESPN",0.643345405392917
"marclamonthill",0.841621233572914
"marcmaron",-1.34075503369022
"marcorubio",1.55477359459685
"margaretcho",1.17498679206609
"MariahCarey",NA
"MarinaDiamandis",NA
"Mariska",-0.674489750196082
"MarketWatch",1.34075503369022
"markhoppus",NA
"markiplier",NA
"marklevinshow",1.64485362695147
"MarkRuffalo",-2.32634787404084
"markschlereth",0.279319034447454
"markwahlberg",NA
"MarlonWayans",-0.176374164780861
"maroon5",-0.358458793251194
"MarsCuriosity",0.385320466407568
"marshmellomusic",-2.32634787404084
"MarthaStewart",0.201893479141851
"Marvel",0.305480788099397
"MarvelStudios",NA
"maryjblige",0.495850347347453
"mashable",0.412463129441405
"masonramsey",NA
"Mathieu_Era",NA
"MatPatGT",-2.05374891063182
"Matt_VanDyke",1.64485362695147
"MatthewBerryTMR",-0.439913165673234
"MatthewEspinosa",NA
"mattyglesias",-0.0501535834647337
"MayoClinic",0.994457883209753
"McConaughey",-0.201893479141851
"McDonalds",1.03643338949379
"McIlroyRory",0.954165253146195
"McShay13",NA
"mcuban",1.34075503369022
"Medium",-0.412463129441405
"MeekMill",NA
"meganamram",-2.32634787404084
"MeghanMcCain",1.17498679206609
"megynkelly",1.22652812003661
"MELANIATRUMP",1.34075503369022
"MelKiperESPN",1.22652812003661
"MELOD1P",NA
"MensHumor",-2.05374891063182
"mental_floss",0.772193214188685
"MerriamWebster",-1.1263911290388
"Metallica",NA
"MetroBoomin",NA
"miakhalifa",0.150969215496777
"MiamiHEAT",-0.279319034447454
"Michael5SOS",-2.32634787404084
"michaelb4jordan",NA
"MichaelCohen212",1.08031934081496
"michaelianblack",-1.75068607125217
"MichaelPhelps",0.305480788099397
"michaelsmith",0
"michaelstrahan",0.841621233572914
"MichaelVick",NA
"MichelleDBeadle",-0.954165253146194
"michelleisawolf",-1.22652812003661
"michellemalkin",1.40507156030963
"MichelleObama",0.553384719555673
"Microsoft",0.524400512708041
"Migos",NA
"mike_pence",1.64485362695147
"MikeeKhoury",NA
"Mikel_Jollett",-2.32634787404084
"mikethemiz",1.22652812003661
"MikeTrout",1.22652812003661
"MikeTyson",NA
"MileyCyrus",0.385320466407568
"minakimes",-2.32634787404084
"mindykaling",-0.674489750196082
"MirandaCosgrove",NA
"mirandalambert",-0.201893479141851
"MirandaSings",NA
"mishacollins",0.954165253146195
"MissyElliott",-1.1263911290388
"mitchellreports",0.954165253146195
"MittRomney",1.40507156030963
"MLB",0.150969215496777
"MLBNetwork",-0.358458793251194
"mlbtraderumors",NA
"MLS",0.385320466407568
"mmfa",0.643345405392917
"MMFlint",-2.05374891063182
"mmpadellan",-2.32634787404084
"moby_dickhead",-2.32634787404084
"MollyJongFast",0.467698799114508
"MomsDemand",-0.582841507271216
"Money23Green",0.305480788099397
"MoneyBaggYo",NA
"MoneyLynch",NA
"MonicaCrowley",1.55477359459685
"MonicaLewinsky",-1.88079360815125
"Morning_Joe",0.954165253146195
"morningmika",0.877896295051229
"MorpheBrushes",NA
"mortreport",1.17498679206609
"MotherJones",NA
"MoveOn",-0.80642124701824
"mradamscott",-1.88079360815125
"mrbobodenkirk",NA
"MrGeorgeWallace",-1.34075503369022
"MrLeonardKim",1.64485362695147
"MSNBC",0.772193214188685
"MTV",0.0752698620998299
"MTVNEWS",-1.40507156030963
"mulaney",-1.2815515655446
"MurrayNewlands",1.22652812003661
"MuseumModernArt",-1.34075503369022
"MuslimIQ",NA
"myfabolouslife",NA
"NAACP",0.412463129441405
"Nadeshot",0.553384719555673
"NARAL",-0.915365087842814
"Nas",0.305480788099397
"NASA",0.305480788099397
"NASAHubble",NA
"NASCAR",NA
"Nashgrier",-2.32634787404084
"NatashaBertrand",0.954165253146195
"NateMaingard",0.0501535834647337
"NateSilver538",-0.706302562840088
"NatGeo",NA
"NatGeoPhotos",NA
"NatGeoTravel",1.03643338949379
"NathanFillion",0.358458793251194
"NBA",0.279319034447454
"NBA2K",0.954165253146195
"NBAonTNT",0.305480788099397
"NBATV",NA
"nbc",0
"NBCNews",0.412463129441405
"NBCNightlyNews",-1.2815515655446
"NBCOlympics",0.553384719555673
"nbcsnl",0.305480788099397
"NBCSports",-0.227544976641149
"NBCTheVoice",0.994457883209753
"NCAA",NA
"NCommentarys",NA
"neilhimself",NA
"neiltyson",-1.88079360815125
"Nelly_Mo",NA
"NeNeLeakes",1.22652812003661
"netflix",-2.32634787404084
"NewsHour",1.17498679206609
"Newsweek",0.358458793251194
"newtgingrich",1.47579102817917
"NewYorker",-0.358458793251194
"NeYoCompound",-2.32634787404084
"NFL",0.772193214188685
"NFL_Memes",NA
"nfldraftscout",-0.841621233572914
"nflnetwork",0.495850347347453
"NFLonFOX",1.1263911290388
"NHC_Atlantic",NA
"NHL",NA
"NHLBlackhawks",-0.553384719555673
"NiallOfficial",NA
"nicekicks",NA
"nick_colletti",NA
"Nick_Offerman",-2.05374891063182
"NickCannon",0.553384719555673
"NICKIMINAJ",-0.954165253146194
"nickjonas",NA
"NickKristof",0.385320466407568
"nickkroll",-1.17498679206609
"NicolleDWallace",1.03643338949379
"Nike",NA
"nikebasketball",NA
"nikestore",0.305480788099397
"NikitaDragun",NA
"NikkieTutorials",NA
"NikkiHaley",1.40507156030963
"ninadobrev",NA
"Ninja",NA
"NintendoAmerica",NA
"NipseyHussle",1.22652812003661
"NOAA",0.305480788099397
"noahcent",-2.05374891063182
"NOH8Campaign",0.227544976641149
"norm",0.954165253146195
"normmacdonald",1.08031934081496
"NotAltWorld",-0.279319034447454
"NOTSportsCenter",NA
"notthefakeSVP",-0.706302562840088
"nowthisnews",-0.331853346436817
"NPR",1.22652812003661
"npratc",-0.877896295051228
"nprpolitics",1.22652812003661
"NRA",1.55477359459685
"NWS",NA
"NYMag",0.80642124701824
"nypost",1.17498679206609
"nytimes",NA
"nytimesbooks",-0.915365087842814
"ObamaFoundation",0.706302562840088
"ObamaWhiteHouse",0.582841507271216
"obj",0.877896295051229
"ochocinco",1.2815515655446
"officialjaden",-2.32634787404084
"OfficialJLD",-2.05374891063182
"OffsetYRN",NA
"OhNoSheTwitnt",NA
"ohteenquotes",NA
"OITNB",-2.32634787404084
"okcthunder",NA
"oliviamunn",-1.64485362695147
"Olivianuzzi",-0.227544976641149
"oliviawilde",-2.05374891063182
"Olympics",0.80642124701824
"OMGFacts",-1.40507156030963
"onedirection",NA
"OneLouderApps",0.877896295051229
"Only_OneLA",NA
"Oprah",-1.1263911290388
"OriginalFunko",NA
"OzzyOsbourne",NA
"packers",NA
"PanicAtTheDisco",NA
"Panthers",NA
"paramore",NA
"ParamountPics",-0.2533471031358
"PardonMyTake",NA
"ParisHilton",-2.32634787404084
"partynextdoor",NA
"pascalguyon",NA
"Pastor__West",NA
"PatMcAfeeShow",1.34075503369022
"Patriots",NA
"pattonoswalt",-2.32634787404084
"paugasol",0.674489750196082
"paulkrugman",-0.201893479141851
"PaulMcCartney",NA
"paulpierce34",-1.22652812003661
"paulwesley",-1.40507156030963
"PBS",-0.524400512708041
"peeweeherman",-1.17498679206609
"people",0.915365087842814
"PerezHilton",-1.75068607125217
"perlmutations",-2.32634787404084
"PeteCarroll",NA
"peter_king",-1.34075503369022
"petewentz",NA
"pewdiepie",NA
"PFF",0.954165253146195
"PFTCommenter",1.34075503369022
"PFTompkins",-2.32634787404084
"pgammo",-0.2533471031358
"PGATOUR",0.674489750196082
"Pharrell",-0.706302562840088
"PhilipRucker",1.1263911290388
"PhillyD",0.358458793251194
"Pink",-0.305480788099397
"Pinterest",0.877896295051229
"pitbull",0.738846849185214
"pitchfork",-1.40507156030963
"pizzahut",0.994457883209753
"playboicarti",NA
"PlayersTribune",NA
"PlayOverwatch",NA
"PlayStation",-0.994457883209753
"plies",NA
"PLLTVSeries",-2.32634787404084
"PMBreakingNews",-1.1263911290388
"PodSaveAmerica",1.22652812003661
"poetastrologers",NA
"Pokemon",NA
"PokemonGoApp",NA
"politico",1.22652812003661
"PolitiFact",1.2815515655446
"Pontifex",NA
"PostMalone",-2.32634787404084
"pottermore",NA
"POTUS",1.40507156030963
"POTUS44",1.08031934081496
"Pouyalilpou",NA
"PPact",-0.877896295051228
"PPFA",-0.994457883209753
"prattprattpratt",1.03643338949379
"PreetBharara",0.877896295051229
"premierleague",NA
"PressSec",1.34075503369022
"PrimeVideo",-1.22652812003661
"PrisonPlanet",1.55477359459685
"ProFootballTalk",NA
"ProPublica",0.0250689082587111
"ProudResister",-1.17498679206609
"PTI",NA
"PUBG",NA
"PUSHA_T",0.994457883209753
"QtipTheAbstract",0.674489750196082
"QuavoStuntin",NA
"quenblackwell",NA
"questlove",0.439913165673234
"quintabrunson",-0.201893479141851
"Rachel__Nichols",0.524400512708041
"RacismDog",1.34075503369022
"Raiders",NA
"rainnwilson",-0.706302562840088
"RajonRondo",NA
"RamsNFL",NA
"RandPaul",1.40507156030963
"RandyOrton",1.47579102817917
"RapSheet",NA
"RASHEEDA",NA
"RashidaTlaib",-1.40507156030963
"Ravens",NA
"Razer",NA
"RBReich",-1.1263911290388
"RealBenCarson",1.47579102817917
"RealCandaceO",1.55477359459685
"realDonaldTrump",1.64485362695147
"RealGDT",-1.75068607125217
"RealHughJackman",NA
"RealJamesWoods",1.55477359459685
"realjknoxville",NA
"RealLamarOdom",-0.201893479141851
"realmikefox",-1.64485362695147
"RealMikeWilbon",0
"RealPaigeWWE",NA
"RealRonHoward",0.674489750196082
"RealSkipBayless",NA
"RebelWilson",NA
"RecordingAcad",0.201893479141851
"RedCross",0.994457883209753
"RedHourBen",-1.2815515655446
"RedSox",NA
"RegalMovies",-0.176374164780861
"ReggieBush",-0.877896295051228
"Reince",1.47579102817917
"rejectedjokes",-2.05374891063182
"Renner4Real",0.582841507271216
"RepAdamSchiff",0.125661346855074
"RepCummings",0.553384719555673
"RepJoeKennedy",0.279319034447454
"repjohnlewis",-0.80642124701824
"RepMaxineWaters",0.358458793251194
"RepSwalwell",0.738846849185214
"Reuters",0.495850347347453
"RevRunWisdom",NA
"rgay",-0.915365087842814
"RGIII",NA
"RiceGum",NA
"RicFlairNatrBoy",NA
"richardbranson",-1.88079360815125
"RichardDawkins",-1.75068607125217
"richbrian",NA
"richeisen",-1.88079360815125
"RichHomieQuan",NA
"richthekid",NA
"RickandMorty",NA
"RickeySmiley",-1.08031934081496
"RickRoss",NA
"RickWarren",1.34075503369022
"ricky_martin",-1.64485362695147
"rickygervais",-1.40507156030963
"Rico_nastyy",NA
"rihanna",NA
"ringer",NA
"robdelaney",-1.88079360815125
"robdyrdek",0.412463129441405
"RobertDowneyJr",NA
"RobGronkowski",1.22652812003661
"robkardashian",0.10043372051147
"RobLowe",0.915365087842814
"robreiner",-2.32634787404084
"RockstarGames",NA
"rogerhamilton",1.17498679206609
"RogueNASA",-1.88079360815125
"RoguePOTUSStaff",1.47579102817917
"RollingStone",-1.88079360815125
"RollingStones",NA
"RonanFarrow",0.612812991016627
"RondaRousey",-1.88079360815125
"Ronnie2K",NA
"Rosie",0.467698799114508
"RSherman_25",NA
"RuPaul",-2.32634787404084
"russdiemon",NA
"russwest44",0.738846849185214
"rustyrockets",-1.88079360815125
"RVAwonk",-1.40507156030963
"RWPUSA",-0.994457883209753
"RyanAFournier",1.75068607125217
"ryanfoland",0.877896295051229
"RyanSeacrest",0.495850347347453
"S_C_",NA
"sadierob",NA
"Saints",0.738846849185214
"SallyQYates",-2.32634787404084
"Salon",0.994457883209753
"SamHarrisOrg",0.915365087842814
"samsmith",-1.17498679206609
"samstein",1.17498679206609
"SamsungMobileUS",-2.05374891063182
"SamuelLJackson",-0.227544976641149
"SaraBareilles",-1.47579102817917
"SaraCarterDC",1.34075503369022
"Sarahchadwickk",-2.32634787404084
"sarahkendzior",-1.55477359459685
"SarahKSilverman",-2.05374891063182
"SarahPalinUSA",1.55477359459685
"ScandalABC",0.412463129441405
"Scaramucci",1.22652812003661
"SchadenJake",-0.524400512708041
"ScHoolboyQ",NA
"Schwarzenegger",1.17498679206609
"sciam",-0.915365087842814
"ScottDisick",NA
"ScottJKyle1",1.22652812003661
"SCOTUSblog",NA
"scrowder",1.47579102817917
"Seahawks",NA
"SeanBeeson",NA
"seanhannity",1.22652812003661
"SebGorka",1.40507156030963
"SecPompeo",1.2815515655446
"secupp",1.22652812003661
"SeinfeldToday",NA
"selenagomez",NA
"SenateDems",-1.64485362695147
"senatemajldr",1.40507156030963
"SenatorCollins",1.03643338949379
"SenatorDurbin",0.954165253146195
"SenBlumenthal",-0.439913165673234
"SenDuckworth",0.80642124701824
"SenFeinstein",0.524400512708041
"SenFranken",-0.706302562840088
"SenGillibrand",-1.40507156030963
"SenJohnMcCain",1.2815515655446
"SenKamalaHarris",-0.994457883209753
"SenSanders",-0.524400512708041
"SenSchumer",0.358458793251194
"SenTedCruz",1.47579102817917
"SenWarren",0.706302562840088
"Sephora",NA
"serenawilliams",NA
"SethAbramson",-2.05374891063182
"SethMacFarlane",-1.88079360815125
"sethmeyers",0.467698799114508
"Sethrogen",0.954165253146195
"shakira",NA
"ShamsCharania",0.10043372051147
"shanedawson",0.201893479141851
"shannonrwatts",-1.03643338949379
"ShannonSharpe",0.582841507271216
"SHAQ",1.22652812003661
"shaunking",-1.88079360815125
"ShawnMendes",0.10043372051147
"SheriffClarke",1.64485362695147
"shiralazar",0.524400512708041
"shitmydadsays",NA
"shondarhimes",-1.47579102817917
"shwood",0.915365087842814
"Sia",-1.75068607125217
"SimonCowell",NA
"Simone_Biles",NA
"simonpegg",NA
"SinghLions",0.877896295051229
"SInow",1.22652812003661
"SiriouslySusan",0.0752698620998299
"SirPatStew",-1.88079360815125
"sixers",NA
"Skrillex",-1.1263911290388
"SkyDigg4",-2.32634787404084
"skylarclouds",-0.954165253146194
"Slate",-0.495850347347453
"smithsonian",0.495850347347453
"smoss",NA
"SmthnglikeKites",NA
"Snapchat",NA
"SneakerNews",NA
"snooki",1.2815515655446
"SnoopDogg",-1.64485362695147
"Snowden",NA
"SofiaVergara",0.706302562840088
"solangeknowles",-1.1263911290388
"soledadobrien",1.22652812003661
"someecards",-1.1263911290388
"SommerRay",NA
"sonic_hedgehog",NA
"souljaboy",0.772193214188685
"SoundCloud",-1.17498679206609
"SouthPark",1.1263911290388
"SouthwestAir",0.439913165673234
"Space_Station",NA
"SpaceX",0.305480788099397
"SpeakerBoehner",1.47579102817917
"SpeakerPelosi",0.305480788099397
"SpeakerRyan",1.64485362695147
"splcenter",-0.994457883209753
"SportsCenter",0.495850347347453
"SportsNation",-2.05374891063182
"Spotify",0.841621233572914
"spurs",NA
"SRuhle",0.877896295051229
"staceyabrams",-1.40507156030963
"Starbucks",0.305480788099397
"starwars",NA
"StateDept",0.994457883209753
"StationCDRKelly",-0.582841507271216
"steam_games",NA
"steelers",NA
"StephenAmell",NA
"stephenasmith",NA
"StephenAtHome",NA
"StephenCurry30",-0.0250689082587111
"stephenfry",-1.75068607125217
"StephenKing",-1.55477359459685
"StephMcMahon",0.841621233572914
"SterlingKBrown",-1.34075503369022
"steveaoki",0.385320466407568
"steveaustinBSR",NA
"SteveCarell",-2.05374891063182
"SteveMartinToGo",-1.40507156030963
"SteveNash",-0.643345405392917
"SteveSchmidtSES",0.706302562840088
"SteveWestly",-1.47579102817917
"steveyeun",-1.88079360815125
"stoolpresidente",1.22652812003661
"StormyDaniels",NA
"Stranger_Things",NA
"SUBWAY",NA
"Susan_Hennessey",-1.1263911290388
"sushitrash",NA
"swish41",-1.1263911290388
"sza",NA
"tacobell",NA
"tanamongeau",NA
"Target",-2.32634787404084
"TayeDiggs",1.22652812003661
"taylorswift13",NA
"TayZonday",NA
"TeamCoco",0.0752698620998299
"TeamJuJu",NA
"TeamUSA",1.1263911290388
"TeaPainUSA",-1.40507156030963
"TechCrunch",1.88079360815125
"tedcruz",1.55477359459685
"tedlieu",0.495850347347453
"TEDTalks",-1.17498679206609
"Tee_Grizzley",NA
"terrellowens",0.495850347347453
"terrycrews",0.495850347347453
"Tesla",NA
"TessaThompson_x",-2.05374891063182
"TEYANATAYLOR",NA
"tferriss",1.34075503369022
"TFLN",NA
"TGowdySC",1.55477359459685
"ThatKevinSmith",NA
"TheAAF",NA
"TheAcademy",-2.32634787404084
"TheAJMendez",NA
"TheAtlantic",0.412463129441405
"theblackpanther",NA
"TheCooksCook",0.706302562840088
"thedailybeast",0.994457883209753
"TheDailyShow",0.994457883209753
"TheDemocrats",0.10043372051147
"TheEconomist",0.915365087842814
"TheEllenShow",0.954165253146195
"theestallion",NA
"TheFunnyVine",NA
"TheGabbieShow",NA
"TheGoogleFactz",NA
"thegreatkhalid",NA
"TheHerd",1.22652812003661
"thehill",1.08031934081496
"theintercept",-0.877896295051228
"TheJusticeDept",0.994457883209753
"TheLastWord",0.412463129441405
"TheLifeDiaries",NA
"thelonelyisland",-2.05374891063182
"TheMindyProject",0.915365087842814
"thenation",0.582841507271216
"TheNotoriousMMA",1.03643338949379
"theofficenbc",-0.674489750196082
"TheOnion",NA
"ThePowerfulPics",NA
"TheRealJRSmith",-1.34075503369022
"therealjuicyj",0.954165253146195
"TheRealMikeEpps",0.495850347347453
"therealroseanne",1.34075503369022
"TheRealStanLee",-2.05374891063182
"THEREALSWIZZZ",0.524400512708041
"TherealTaraji",-1.34075503369022
"TheRickWilson",1.34075503369022
"TheRock",0.915365087842814
"TheRoot",0.674489750196082
"TheScaryNature",-1.34075503369022
"TheSharkDaymond",-1.75068607125217
"THESLUMPGOD",NA
"TheSteinLine",-0.227544976641149
"TheTweetOfGod",NA
"TheWalkingDead",-1.17498679206609
"theweeknd",NA
"TheWeirdWorld",NA
"thinkprogress",-1.17498679206609
"ThisAmerLife",-0.877896295051228
"ThomasRhett",NA
"thorofficial",NA
"THR",0.877896295051229
"tictoc",0.80642124701824
"TiffanyHaddish",-1.88079360815125
"TigerWoods",NA
"tim_cook",-2.32634787404084
"TimCoronel",NA
"TIME",0.582841507271216
"timkaine",0.10043372051147
"TimRunsHisMouth",1.55477359459685
"TimTebow",1.40507156030963
"tinawoodsss",NA
"Tip",0.954165253146195
"TMobile",-1.40507156030963
"TMZ",0.80642124701824
"TODAYshow",1.03643338949379
"tomhanks",NA
"TomHolland1996",NA
"TomiLahren",1.47579102817917
"TonyDungy",NA
"tonyhawk",-2.05374891063182
"tonyposnanski",0.954165253146195
"TonyRobbins",0.80642124701824
"tonyromo",NA
"torylanez",NA
"totalfratmove",1.40507156030963
"TPAIN",-2.05374891063182
"TraceeEllisRoss",-2.32634787404084
"Trevornoah",0.915365087842814
"Treyarch",NA
"TreySongz",0.305480788099397
"tribelaw",-1.34075503369022
"TRINArockstarr",NA
"TripleH",NA
"trippieredd",NA
"troyesivan",-2.32634787404084
"TrueFactsStated",-1.88079360815125
"trvisXX",NA
"TSM_Daequan",NA
"TTfue",NA
"TuckerCarlson",1.55477359459685
"tumblr",-0.994457883209753
"TVietor08",1.08031934081496
"twentyonepilots",NA
"twhiddleston",-1.22652812003661
"Twitch",NA
"TwitPic",NA
"Twitter",NA
"TwitterLive",NA
"TwitterMusic",NA
"TwitterSupport",NA
"TwitterVideo",NA
"tydollasign",NA
"Tyga",NA
"tylergposey",NA
"tyleroakley",-2.32634787404084
"tylerperry",-Inf
"tylerrjoseph",NA
"tylerthecreator",NA
"tyrabanks",-0.954165253146194
"Tyrese",-0.524400512708041
"UberFacts",NA
"UberSoc",-2.05374891063182
"Ubisoft",NA
"ufc",0.994457883209753
"UglyGod",NA
"UN",NA
"UncleBlazer",NA
"UncleRUSH",-0.2533471031358
"Unexplained",NA
"UNICEF",0.772193214188685
"UniversalPics",-1.1263911290388
"usabasketball",-1.2815515655446
"USArmy",0.954165253146195
"USATODAY",0.524400512708041
"usedgov",1.22652812003661
"Usher",-2.05374891063182
"USMC",1.08031934081496
"USMNT",NA
"USNavy",0.915365087842814
"usweekly",0.412463129441405
"USWNT",NA
"VancityReynolds",-2.32634787404084
"VanessaHudgens",NA
"VanityFair",0.524400512708041
"VanJones68",0.994457883209753
"Variety",1.22652812003661
"verge",NA
"verified",1.22652812003661
"verizon",-0.706302562840088
"VICE",1.17498679206609
"VicenteFoxQue",0.385320466407568
"VictoriaJustice",NA
"VictoriasSecret",1.03643338949379
"VinceMcMahon",1.22652812003661
"vincestaples",NA
"VINNYGUADAGNINO",0.674489750196082
"violadavis",-0.954165253146194
"voguemagazine",0.467698799114508
"voxdotcom",-0.0752698620998298
"VP",1.03643338949379
"VP44",-1.75068607125217
"w_terrence",1.40507156030963
"WakaFlocka",0.495850347347453
"Wale",0.877896295051229
"WalkingDead_AMC",NA
"Walmart",NA
"WaltDisneyWorld",0.612812991016627
"waltshaub",-1.55477359459685
"WarrenBuffett",NA
"warriors",-2.32634787404084
"washingtonpost",0.706302562840088
"wbpictures",0.305480788099397
"weatherchannel",0.201893479141851
"Wendys",NA
"WendyWilliams",0.674489750196082
"Whataburger",1.17498679206609
"WhatTheFFacts",-2.05374891063182
"WhiteHouse",1.08031934081496
"WhitneyCummings",-1.75068607125217
"WHO",0.841621233572914
"WholeFoods",1.17498679206609
"WhoopiGoldberg",0.877896295051229
"wikileaks",1.22652812003661
"WilliamShatner",-2.32634787404084
"williebosshog",1.55477359459685
"wilw",-2.32634787404084
"WindhorstESPN",NA
"Windows",-0.706302562840088
"wingoz",-Inf
"WIRED",-0.0250689082587111
"wizkhalifa",NA
"wojespn",-1.55477359459685
"wolfblitzer",1.1263911290388
"wolftyla",NA
"WomensHealthMag",0.150969215496777
"womensmarch",-2.32634787404084
"wordstionary",NA
"workwthecoach",-1.55477359459685
"WORLDSTAR",0.674489750196082
"WorldWideWob",0.80642124701824
"WSHHFANS",NA
"WSJ",NA
"WWE",NA
"WWEDanielBryan",-2.05374891063182
"WWEUniverse",1.22652812003661
"wwwbigbaldhead",-0.738846849185214
"Xbox",-0.201893479141851
"XboxSupport",-2.05374891063182
"XplodingUnicorn",NA
"xtina",NA
"XXL",NA
"xxxtentacion",NA
"Yamiche",1.1263911290388
"Yankees",0.305480788099397
"YaraShahidi",-2.32634787404084
"yashar",1.1263911290388
"yelyahwilliams",-1.64485362695147
"YesYoureRacist",NA
"YFNLUCCI",NA
"YG",NA
"Yg_Trece",NA
"YoGotti",0.612812991016627
"YoungDolph",NA
"youngthug",NA
"YourAnonNews",-2.32634787404084
"YouTube",-0.467698799114508
"YTCreators",-2.05374891063182
"ZacEfron",NA
"ZachBoychuk",0.612812991016627
"zachbraff",-2.32634787404084
"ZachLowe_NBA",-2.05374891063182
"zackfox",-2.05374891063182
"Zak_Bagans",NA
"zane",NA
"zaynmalik",NA
"Zedd",-2.32634787404084
"Zendaya",-2.32634787404084
"ZO2_",NA
"ZodiacFacts",NA
"ZooeyDeschanel",-0.439913165673234
